public_body_id,title,ident,campaign
43,Entwurf eines Gesetzes zur Neufassung des Gesetzes zur Regelung von Sekundierungen im Rahmen von Einsätzen der zivilen Krisenprävention (Sekundierungsgesetz),Arbeitsgemeinschaft Berufsständischer Versorgungseinrichtungen e.V. (ABV),stellungnahmen-zu-gesetzentwurfen
43,Entwurf eines Gesetzes zur Neufassung des Gesetzes zur Regelung von Sekundierungen im Rahmen von Einsätzen der zivilen Krisenprävention (Sekundierungsgesetz),"Bundesagentur für Arbeit (BA),",
43,Entwurf eines Gesetzes zur Neufassung des Gesetzes zur Regelung von Sekundierungen im Rahmen von Einsätzen der zivilen Krisenprävention (Sekundierungsgesetz),Bundesvereinigung der Deutschen Arbeitgeberverbände (BDA),
43,Entwurf eines Gesetzes zur Neufassung des Gesetzes zur Regelung von Sekundierungen im Rahmen von Einsätzen der zivilen Krisenprävention (Sekundierungsgesetz),Deutsche Gesetzliche Unfallversicherung e.V. (DGUV),
43,Entwurf eines Gesetzes zur Neufassung des Gesetzes zur Regelung von Sekundierungen im Rahmen von Einsätzen der zivilen Krisenprävention (Sekundierungsgesetz),Deutsche Rentenversicherung Bund (DRV Bund),
43,Entwurf eines Gesetzes zur Neufassung des Gesetzes zur Regelung von Sekundierungen im Rahmen von Einsätzen der zivilen Krisenprävention (Sekundierungsgesetz),GKV-Spitzenverband,
43,Entwurf eines Gesetzes zur Neufassung des Gesetzes zur Regelung von Sekundierungen im Rahmen von Einsätzen der zivilen Krisenprävention (Sekundierungsgesetz),Interessengemeinschaft Experten für zivile Krisenprävention,
43,Entwurf eines Gesetzes zur Neufassung des Gesetzes zur Regelung von Sekundierungen im Rahmen von Einsätzen der zivilen Krisenprävention (Sekundierungsgesetz),Ver.di,
43,Entwurf eines Gesetzes zur Neufassung des Gesetzes zur Regelung von Sekundierungen im Rahmen von Einsätzen der zivilen Krisenprävention (Sekundierungsgesetz),dbb beamtenbund und tarifunion,
88,1. GE Änderung Arbeitnehmer-Entsendegesetz,Deutscher Gewerkschaftsbund (DGB),
88,1. GE Änderung Arbeitnehmer-Entsendegesetz,Verband der Ernährungswirtschaft (VdEW),
88,1. GE Änderung Arbeitnehmer-Entsendegesetz,Gewerkschaft Nahrung-Genuss-Gaststätten (NGG),
88,1. GE Änderung Arbeitnehmer-Entsendegesetz,Arbeitgebervereinigung Nahrung und Genuss (ANG),
88,1. GE Änderung des Seearbeitsgesetzes,Bundesvereinigung der Deutschen Arbeitgeberverbände,
88,1. GE Änderung des Seearbeitsgesetzes,Sozialverband Deutschland e.V.,
88,1. GE Änderung des Seearbeitsgesetzes,Verband Deutscher Reeder,
88,1. GE Änderung des Seearbeitsgesetzes,Vereinigte Dienstleistungsgewerkschaft ver.di,
88,1. GE Änderung des Seearbeitsgesetzes,Katholische Seemannsmission Stella Maris,
88,1. GE Änderung des Seearbeitsgesetzes,Deutsche Seemannsmission,
88,5. SGB IV-ÄndG,GKV-Spitzenverband,
88,5. SGB IV-ÄndG,Deutsche Rentenversicherung Bund,
88,5. SGB IV-ÄndG,Deutsche Rentenversicherung - Knappschaft-Bahn-See,
88,5. SGB IV-ÄndG,Bundesagentur für Arbeit,
88,5. SGB IV-ÄndG,Bundesvereinigung der Deutschen Arbeitgeberverbände,
88,5. SGB IV-ÄndG,Deutscher Gewerkschaftsbund,
88,5. SGB IV-ÄndG,Deutsche Gesetzliche Unfallversicherung,
88,5. SGB IV-ÄndG,Bund Deutscher Sozialrichter e.V.,
88,5. SGB IV-ÄndG,Deutscher Sozialgerichtstag e.V.,
88,Entwurf eines Gesetzes zur Änderung des Asylbewerberleistungsgesetzes und des Sozialgerichtsgesetzes,DAV Dt. Anwaltsverein,
88,Entwurf eines Gesetzes zur Änderung des Asylbewerberleistungsgesetzes und des Sozialgerichtsgesetzes,Deutscher Sozialgerichtstag,
88,Entwurf eines Gesetzes zur Änderung des Asylbewerberleistungsgesetzes und des Sozialgerichtsgesetzes,Deutscher Verein für öffentl. und private Fürsorge,
88,Entwurf eines Gesetzes zur Änderung des Asylbewerberleistungsgesetzes und des Sozialgerichtsgesetzes,Deutsches Institut für Menschenrechte,
88,Entwurf eines Gesetzes zur Änderung des Asylbewerberleistungsgesetzes und des Sozialgerichtsgesetzes,Flüchtlingsrat Berlin e.V.,
88,Entwurf eines Gesetzes zur Änderung des Asylbewerberleistungsgesetzes und des Sozialgerichtsgesetzes,Humanistische Union,
88,Entwurf eines Gesetzes zur Änderung des Asylbewerberleistungsgesetzes und des Sozialgerichtsgesetzes,Amnesty International,
88,Entwurf eines Gesetzes zur Änderung des Asylbewerberleistungsgesetzes und des Sozialgerichtsgesetzes,Kommissariat Deutscher Bischöfe,
88,Entwurf eines Gesetzes zur Änderung des Asylbewerberleistungsgesetzes und des Sozialgerichtsgesetzes,Pro Asyl,
88,Entwurf eines Gesetzes zur Änderung des Asylbewerberleistungsgesetzes und des Sozialgerichtsgesetzes,UNHCR,
88,Entwurf eines Gesetzes zur Änderung des Asylbewerberleistungsgesetzes und des Sozialgerichtsgesetzes,Verband deutscher Juristinnen,
88,Entwurf eines Gesetzes zur Änderung des Asylbewerberleistungsgesetzes und des Sozialgerichtsgesetzes,GKV-Spitzenverband,
88,Entwurf eines Gesetzes zur Änderung des Asylbewerberleistungsgesetzes und des Sozialgerichtsgesetzes,DKG,
88,GE 3. SGB XII,Kommunale Spitzenverbände,
88,GE 3. SGB XII,DGB,
88,GE 3. SGB XII,Arbeitsgemeinschaft bäuerliche Landwirtschaft e.V.,
88,GE 3. SGB XII,Deutscher Bauernverband e.V.,
88,GE 3. SGB XII,BA,
88,GE 3. SGB XII,Bund der Deutschen Landjugend im deuschten Bauernverband e.V.,
88,GE 3. SGB XII,BDA,
88,GE 3. SGB XII,Deutscher Verein für öffentliche und private Fürsorge,
88,GE 3. SGB XII,"Sozialversicherung für Landwirtschaft, Forsten und Gartenbau",
88,GE 6. Änd. SGB IV,GKV-Spitzenverband,
88,GE 6. Änd. SGB IV,Deutsche Rentenversicherung Bund,
88,GE 6. Änd. SGB IV,Deutsche Rentenversicherung - Knappschaft-Bahn-See,
88,GE 6. Änd. SGB IV,Bundesagentur für Arbeit,
88,GE 6. Änd. SGB IV,Bundesvereinigung der Deutschen Arbeitgeberverbände,
88,GE 6. Änd. SGB IV,Deutscher Gewerkschaftsbund - Bundesvorstand,
88,GE 6. Änd. SGB IV,Deutsche Gesetzliche Unfallversicherung,
88,GE 6. Änd. SGB IV,"Sozialversicherung für Landwirtschaft, Forsten und Gartenbau",
88,GE 6. Änd. SGB IV,Arbeitsgemeinschaft der berufsständischen Versorgungseinrichtungen (ABV),
88,GE 6. Änd. SGB IV,Bund Deutscher Sozialrichter e.V.,
88,GE 6. Änd. SGB IV,Deutscher Sozialgerichtstag e.V.,
88,GE 6. Änd. SGB IV,Deutscher Anwaltverein e.V.,
88,GE 6. Änd. SGB IV,Bundessteuerberaterkammer KdöR,
88,"GE 9. Änd. SGB II 
  (Rechtsvereinfachung)",Bundesagentur für Arbeit,
88,"GE 9. Änd. SGB II 
  (Rechtsvereinfachung)",BDA - Bundesvereinigung der Deutschen Arbeitgeberverbände,
88,"GE 9. Änd. SGB II 
  (Rechtsvereinfachung)",Deutscher Richterbund,
88,"GE 9. Änd. SGB II 
  (Rechtsvereinfachung)",Deutscher Verein für öffentliche und private Fürsorge e.V.,
88,"GE 9. Änd. SGB II 
  (Rechtsvereinfachung)",DGB - Deutscher Gewerkschaftsbund Diakonie,
88,"GE 9. Änd. SGB II 
  (Rechtsvereinfachung)",kommunale Spitzenverbände,
88,"GE 9. Änd. SGB II 
  (Rechtsvereinfachung)",Sozialverband Deutschland e.V.,
88,"GE 9. Änd. SGB II 
  (Rechtsvereinfachung)",VAMV - Verband alleinerziehender Mütter und Väter e.V.,
88,"GE 9. Änd. SGB II 
  (Rechtsvereinfachung)",Vereinte Dienstleistungsgewerkschaft - ver.di,
88,"GE 9. Änd. SGB II 
  (Rechtsvereinfachung)",Zukunftsforum Familie,
88,GE Änderung Asylbewerberleistung,AMNESTY INTERNATIONAL,
88,GE Änderung Asylbewerberleistung,Bundesärztekammer,
88,GE Änderung Asylbewerberleistung,Deutscher Anwaltsverein e.V.,
88,GE Änderung Asylbewerberleistung,Deutsche Krankenhausgesellschaft e.V.,
88,GE Änderung Asylbewerberleistung,Evangelische Kirche Deutschland,
88,GE Änderung Asylbewerberleistung,GKV-Spitzenverband,
88,GE Änderung Asylbewerberleistung,Kommissariat der deutschen Bischöfe,
88,GE Änderung Asylbewerberleistung,PRO ASYL,
88,GE Änderung Asylbewerberleistung,UNHCR,
88,GE Änderung Asylbewerberleistung,Vereinigung Demokratischer Juristinnen und Juristen e.V.,
88,"GE Arbeitslosenversicherungs-
  schutz (AWStG)",BAG FW - Bundesarbeitsgemeinschaft der Freien Wohlfahrtspflege e.V.,
88,"GE Arbeitslosenversicherungs-
  schutz (AWStG)",Bundesarbeitsgemeinschaft für Straffälligenhilfe e.V.,
88,"GE Arbeitslosenversicherungs-
  schutz (AWStG)",Bundesagentur für Arbeit,
88,"GE Arbeitslosenversicherungs-
  schutz (AWStG)",Bundesverband der Träger beruflicher Bildung e.V.,
88,"GE Arbeitslosenversicherungs-
  schutz (AWStG)",BDA - Bundesvereinigung der Deutschen Arbeitgeberverbände,
88,"GE Arbeitslosenversicherungs-
  schutz (AWStG)",Deutscher Industrie- und Handelskammertag,
88,"GE Arbeitslosenversicherungs-
  schutz (AWStG)",Deutscher Landkreistag,
88,"GE Arbeitslosenversicherungs-
  schutz (AWStG)",Deutscher Sozialgerichtstag e.V.,
88,"GE Arbeitslosenversicherungs-
  schutz (AWStG)",Deutscher Städtetag,
88,"GE Arbeitslosenversicherungs-
  schutz (AWStG)",Deutscher Volkshochschul-Verband e.V.,
88,"GE Arbeitslosenversicherungs-
  schutz (AWStG)",DGB - Deutscher Gewerkschaftsbund,
88,"GE Arbeitslosenversicherungs-
  schutz (AWStG)",Sozialverband Deutschland e.V.,
88,"GE Arbeitslosenversicherungs-
  schutz (AWStG)",Vereinte Dienstleistungsgesellschaft - ver.di,
88,"GE Arbeitslosenversicherungs-
  schutz (AWStG)",Wuppertaler Kreis e.V. - Bundesverband betriebliche Weiterbildung,
88,"GE Arbeitslosenversicherungs-
  schutz (AWStG)",Zentralverband des Deutschen Handwerks e.V.,
88,"GE Arbeitslosenversicherungs-
  schutz (AWStG)",Zukunftsforum Familie e.V.,
88,"GE Ergänzung personalrechtlicher Bestimmungen 
  im SGB II (8. SGB II-ÄndG)",dbb Beamtenbund und Tarifunion,
88,"GE Ergänzung personalrechtlicher Bestimmungen 
  im SGB II (8. SGB II-ÄndG)",Deutscher Landkreistag,
88,"GE Ergänzung personalrechtlicher Bestimmungen 
  im SGB II (8. SGB II-ÄndG)",Deutscher Städtetag,
88,"GE Ergänzung personalrechtlicher Bestimmungen 
  im SGB II (8. SGB II-ÄndG)",Deutscher Städte- und Gemeindebund,
88,"GE Ergänzung personalrechtlicher Bestimmungen 
  im SGB II (8. SGB II-ÄndG)",DGB - Deutscher Gewerkschaftsbund,
88,"GE Ergänzung personalrechtlicher Bestimmungen 
  im SGB II (8. SGB II-ÄndG)",Personalräte und Schwerbehindertenvertretung der gemeinsamen Einrichtungen,
88,"GE Ergänzung personalrechtlicher Bestimmungen 
  im SGB II (8. SGB II-ÄndG)",Vereinte Dienstleistungsgewerkschaft - ver.di,
88,GE Integrationsgesetz,Amnesty International Sektion der Bundesrepublik Deutschland e.V,
88,GE Integrationsgesetz,AWO Bundesverband e.V.,
88,GE Integrationsgesetz,BDA - Bundesvereinigung der Deutschen Arbeitgeberverbände,
88,GE Integrationsgesetz,Bundesagentur für Arbeit,
88,GE Integrationsgesetz,Bundesarbeitsgemeinschaft (BAG) kommunaler Frauenbüros und Gleichstellungsstellen,
88,GE Integrationsgesetz,Bundesauschuss Politische Bildung e.V.,
88,GE Integrationsgesetz,Bundesfachverband unbegleitete minderjährige Flüchtlinge e.V.,
88,GE Integrationsgesetz,Bundesverband deutscher Wohnungs- und Immobilienunternehmen e.V.,
88,GE Integrationsgesetz,Bundesverband Junger Unternehmer - Die Familienunternehmer,
88,GE Integrationsgesetz,Deutsche Rentenversicherung Bund,
88,GE Integrationsgesetz,Deutscher Anwaltverein e.V.,
88,GE Integrationsgesetz,Deutscher Caritasverband e. V.,
88,GE Integrationsgesetz,Deutscher Frauenrat e.V.,
88,GE Integrationsgesetz,Deutscher Industrie- und Handelskammertag,
88,GE Integrationsgesetz,Deutscher Juristinnenbund e.V.,
88,GE Integrationsgesetz,Deutscher Landkreistag,
88,GE Integrationsgesetz,Deutscher Paritätischer Wohlfahrtsverband - Gesamtverband e.V.,
88,GE Integrationsgesetz,Deutscher Städte- und Gemeindebund,
88,GE Integrationsgesetz,Deutscher Volkshochschul-Verband e.V.,
88,GE Integrationsgesetz,DGB - Deutscher Gewerkschaftsbund,
88,GE Integrationsgesetz,Diakonie Deutschland - Evangelischer Bundesverband,
88,GE Integrationsgesetz,Johanniter-Unfall-Hilfe e.V.,
88,GE Integrationsgesetz,GKV Spitzenverband,
88,GE Integrationsgesetz,Haus und Grund,
88,GE Integrationsgesetz,Islamische Gemeinschaft Milli Görüs e.V. Islamrat,
88,GE Integrationsgesetz,Jesuiten-Flüchtlingsdienst Deutschland,
88,GE Integrationsgesetz,KOK- Bundesweiter Koordinierungskreis gegen Menschenhandel e.V.,
88,GE Integrationsgesetz,Kommissariat der deutschen Bischöfe,
88,GE Integrationsgesetz,PRO ASYL e. V.,
88,GE Integrationsgesetz,"SRL - Vereinigung für Stadt-, Regional- und Landesplanung e.V.",
88,GE Integrationsgesetz,UNHCR-Vertretung für Deutschland,
88,GE Integrationsgesetz,Verband Deutscher Privatschulen - Bundesgeschäftsstelle,
88,GE Künstlersozialabgabestabilisierung,APR,
88,GE Künstlersozialabgabestabilisierung,BDA,
88,GE Künstlersozialabgabestabilisierung,BstBK,
88,GE Künstlersozialabgabestabilisierung,Bundesvereinigung Soziokultureller Zentren e.V.,
88,GE Künstlersozialabgabestabilisierung,BBK,
88,GE Künstlersozialabgabestabilisierung,DIHK,
88,GE Künstlersozialabgabestabilisierung,DJV,
88,GE Künstlersozialabgabestabilisierung,ZDH,
88,GE Künstlersozialabgabestabilisierung,BDMV,
88,GE Künstlersozialabgabestabilisierung,ME Gesamtmetall,
88,GE Künstlersozialabgabestabilisierung,VFLL,
88,GE Künstlersozialabgabestabilisierung,VDB,
88,GE Künstlersozialabgabestabilisierung,VPRT,
88,GE Künstlersozialabgabestabilisierung,BVDG,
88,GE Künstlersozialabgabestabilisierung,BVPA,
88,GE Künstlersozialabgabestabilisierung,DTKV,
88,GE Künstlersozialabgabestabilisierung,Verdi,
88,GE Künstlersozialabgabestabilisierung,Deutscher Kulturrat,
88,GE Künstlersozialabgabestabilisierung,Deutscher Städtetag,
88,GE Künstlersozialabgabestabilisierung,DGB,
88,GE Künstlersozialabgabestabilisierung,HDE,
88,GE RV-Leistungsverbesserung,Deutscher Gewerkschaftsbund,
88,GE RV-Leistungsverbesserung,Vereinte Dienstleistungsgesellschaft - ver.di,
88,GE RV-Leistungsverbesserung,Industriegewerkschaft Metall,
88,GE RV-Leistungsverbesserung,"Industriegewerkschaft Bergbau, Chemie, Energie",
88,GE RV-Leistungsverbesserung,Gewerkschaft Erziehung und Wissenschaft,
88,GE RV-Leistungsverbesserung,dbb beamtenbund und tarifunion,
88,GE RV-Leistungsverbesserung,Bundesvereinigung der Deutschen Arbeitgeberverbände,
88,GE RV-Leistungsverbesserung,Deutscher Industrie- und Handelskammertag,
88,GE RV-Leistungsverbesserung,Zentralverband des Deutschen Handwerks,
88,GE RV-Leistungsverbesserung,Bundesverband der Dienstleistungswirtschaft e.V.,
88,GE RV-Leistungsverbesserung,Deutsche Rentenversicherung Bund,
88,GE RV-Leistungsverbesserung,Deutsche Rentenversicherung Knappschaft-Bahn-See,
88,GE RV-Leistungsverbesserung,Sozialverband VdK Deutschland e. V.,
88,GE RV-Leistungsverbesserung,Sozialverband Deutschland e. V.,
88,GE RV-Leistungsverbesserung,Deutscher Caritasverband e.V.,
88,GE RV-Leistungsverbesserung,Deutscher Verein für Öffentliche und Private Fürsorge e. V.,
88,GE RV-Leistungsverbesserung,Deutscher Paritätischer Wohlfahrtsverband - Gesamtverband e. V,
88,GE RV-Leistungsverbesserung,AWO Bundesverband e. V.,
88,GE RV-Leistungsverbesserung,Bundesarbeitsgemeinschaft der Senioren-Organisationen e.V. (BAGSO),
88,GE RV-Leistungsverbesserung,Bundesarbeitsgemeinschaft der Freien Wohlfahrtspflege e. V. und das Diakonische Werk der Evangelischen Kirche in Deutschland e. V.,
88,GE RV-Leistungsverbesserung,Arbeitsgemeinschaft für betriebliche Altersversorgung e. V.,
88,GE RV-Leistungsverbesserung,Gesamtverband der Deutschen Versicherungswirtschaft e.V. (GDV),
88,GE RV-Leistungsverbesserung,Bundesverband Deutscher Privatkliniken e.V.,
88,GE RV-Leistungsverbesserung,Deutsche Gesellschaft für medizinische Rehabilitation e.V.,
88,GE RV-Leistungsverbesserung,Deutsche Vereinigung für Rehabilitation e. V.,
88,GE RV-Leistungsverbesserung,ULA Deutsche Führungskräfteverband,
88,GE RV-Leistungsverbesserung,Fachverband Sucht e.V.,
88,GE RV-Leistungsverbesserung,"Sozialversicherung für Landwirtschaft, Forsten und Gartenbau",
88,GE Stärkung der Tarifautonomie (Mindestlohn),Bundesvereinigung der Deutschen Arbeitgeberverbände,
88,GE Stärkung der Tarifautonomie (Mindestlohn),Arbeitgeber- und Wirtschaftsverband MoVe,
88,GE Stärkung der Tarifautonomie (Mindestlohn),Arbeitgebervereinigung Nahrung und Genuss,
88,GE Stärkung der Tarifautonomie (Mindestlohn),Bundesverband der Kurier-Express-Post-Dienste,
88,GE Stärkung der Tarifautonomie (Mindestlohn),Bundesverband der Systemgastronomie,
88,GE Stärkung der Tarifautonomie (Mindestlohn),Bundesverband Deutscher Anzeigenblätter,
88,GE Stärkung der Tarifautonomie (Mindestlohn),Deutscher Dialogmarketing Verband,
88,GE Stärkung der Tarifautonomie (Mindestlohn),Der Mittelstandsverbund - ZGV,
88,GE Stärkung der Tarifautonomie (Mindestlohn),Deutscher Hotel- und Gaststättenverband,
88,GE Stärkung der Tarifautonomie (Mindestlohn),Gesamtverband der Deutschen land- und forstwirtschaftlichen Arbeitgeberverbände,
88,GE Stärkung der Tarifautonomie (Mindestlohn),Handelsverband Deutschland,
88,GE Stärkung der Tarifautonomie (Mindestlohn),Zentralverband des Deutschen Bäckerhandwerks,
88,GE Stärkung der Tarifautonomie (Mindestlohn),Zentralverband Gartenbau,
88,GE Stärkung der Tarifautonomie (Mindestlohn),Hauptverband Papier- und Kunststoffverarbeitung,
88,GE Stärkung der Tarifautonomie (Mindestlohn),Bundesverband Farbe Gestaltung Bautenschutz,
88,GE Stärkung der Tarifautonomie (Mindestlohn),Verband Deutscher Reeder,
88,GE Stärkung der Tarifautonomie (Mindestlohn),"Bundesverband Großhandel, Außenhandel, Dienstleistungen",
88,GE Stärkung der Tarifautonomie (Mindestlohn),Zentralverband des Deutschen Baugewerbes,
88,GE Stärkung der Tarifautonomie (Mindestlohn),Hauptverband der Deutschen Bauindustrie,
88,GE Stärkung der Tarifautonomie (Mindestlohn),Vereinigung der kommunalen Arbeitgeberverbände,
88,GE Stärkung der Tarifautonomie (Mindestlohn),Zentralverband des Deutschen Handwerks,
88,GE Stärkung der Tarifautonomie (Mindestlohn),Deutscher Industrie- und Handelskammertag,
88,GE Stärkung der Tarifautonomie (Mindestlohn),Deutscher Gewerkschaftsbund,
88,GE Stärkung der Tarifautonomie (Mindestlohn),Gewerkschaft Erziehung und Wissenschaft,
88,GE Stärkung der Tarifautonomie (Mindestlohn),Christlicher Gewerkschaftsbund Deutschlands,
88,GE Stärkung der Tarifautonomie (Mindestlohn),Deutscher Anwaltverein,
88,GE Stärkung der Tarifautonomie (Mindestlohn),Statistisches Bundesamt,
88,GE Stärkung der Tarifautonomie (Mindestlohn),Bundesverband Volkssolidarität,
88,GE Stärkung der Tarifautonomie (Mindestlohn),Deutscher Caritasverband,
88,GE Stärkung der Tarifautonomie (Mindestlohn),Deutscher Paritätischer Wohlfahrtsverband - Gesamtverband,
88,GE Stärkung der Tarifautonomie (Mindestlohn),AWO Bundesverband,
88,GE Stärkung der Tarifautonomie (Mindestlohn),Diakonie Deutschland – Evangelischer Bundesverband,
88,GE Stärkung der Tarifautonomie (Mindestlohn),Deutscher Städtetag,
88,GE Stärkung der Tarifautonomie (Mindestlohn),Rat der EKD bei der Bundesrepublik Deutschland und der Europäischen Union,
88,GE Stärkung der Tarifautonomie (Mindestlohn),Kommissariat der Deutschen Bischöfe,
88,GE Stärkung der Tarifautonomie (Mindestlohn),Deutscher Frauenrat,
88,GE Tarifeinheit,Bundesverband Schauspiel,
88,GE Tarifeinheit,dbb beamtenbund und tarifunion,
88,GE Tarifeinheit,Christlicher Gewerkschaftsbund Deutschlands,
88,GE Tarifeinheit,Deutscher Bundeswehrverband,
88,GE Tarifeinheit,Deutsche Feuerwehr-Gewerkschaft,
88,GE Tarifeinheit,Deutscher Gewerkschaftsbund,
88,GE Tarifeinheit,Deutscher Journalistenverband,
88,GE Tarifeinheit,Deutsche Orchestervereinigung,
88,GE Tarifeinheit,Neue Assekuranz Gewerkschaft,
88,GE Tarifeinheit,Marburger Bund,
88,GE Tarifeinheit,Vereinigung Cockpit,
88,GE Tarifeinheit,Bundesvereinigung der Deutschen Arbeitgeberverbände,
88,GE Tarifeinheit,Tarifgemeinschaft Deutscher Länder,
88,GE Tarifeinheit,Vereinigung der kommunalen Arbeitgeberverbände,
88,GE Tarifeinheit,Bundesnotarkammer,
88,GE Tarifeinheit,Deutscher Anwaltverein,
88,GE Tarifeinheit,Verband Deutscher Verkehrsunternehmen,
88,GE Tarifeinheit,Deutscher Kulturrat,
88,GE Umsetzung EU-Mobilitäts-Richtlinie,Arbeitsgemeinschaft für betriebliche Altersversorgung e.V.,
88,GE Umsetzung EU-Mobilitäts-Richtlinie,Arbeitsgemeinschaft kommunale und kirchliche Altersversorgung e.V.,
88,GE Umsetzung EU-Mobilitäts-Richtlinie,Bundesvereinigung der Deutschen Arbeitgeberverbände,
88,GE Umsetzung EU-Mobilitäts-Richtlinie,Deutscher Gewerkschaftsbund,
88,GE Umsetzung EU-Mobilitäts-Richtlinie,Gesamtverband der Deutschen Versicherungswirtschaft e.V.,
88,GE Umsetzung EU-Mobilitäts-Richtlinie,Pensions-Sicherungs-Verein aG,
88,GE Umsetzung EU-Mobilitäts-Richtlinie,Zentralverband des Deutschen Handwerks e.V.,
88,"GE Weiterentwicklung des 
  Behindertengleichstellungsrechts",Monitoringstelle beim Deutschen Institut für Menschenrechte,
88,"GE Weiterentwicklung des 
  Behindertengleichstellungsrechts",Weibernetz,
88,"GE Weiterentwicklung des 
  Behindertengleichstellungsrechts",BAG Selbsthilfe,
88,"GE Weiterentwicklung des 
  Behindertengleichstellungsrechts",Bundesverband für Körper- und Mehrfachbehinderte e.V.,
88,"GE Weiterentwicklung des 
  Behindertengleichstellungsrechts",Bundesverband Selbsthilfe Körperbehinderter e.V.,
88,"GE Weiterentwicklung des 
  Behindertengleichstellungsrechts",Bundesvereinigung Lebenshilfe für Menschen mit geistiger Behinderung e.V.,
88,"GE Weiterentwicklung des 
  Behindertengleichstellungsrechts",Deutsche Gesellschaft der Hörgeschädigten e.V.,
88,"GE Weiterentwicklung des 
  Behindertengleichstellungsrechts",Deutsche Rheuma-Liga e. V.,
88,"GE Weiterentwicklung des 
  Behindertengleichstellungsrechts",Deutscher Blinden- und Sehbehindertenverband e.V.,
88,"GE Weiterentwicklung des 
  Behindertengleichstellungsrechts",Deutscher Gehörlosen-Bund e.V.,
88,"GE Weiterentwicklung des 
  Behindertengleichstellungsrechts",Deutscher Schwerhörigenbund e.V.,
88,"GE Weiterentwicklung des 
  Behindertengleichstellungsrechts",Deutscher Verein der Blinden und Sehbehinderten in Studium und Beruf e.V.,
88,"GE Weiterentwicklung des 
  Behindertengleichstellungsrechts",Interessenvertretung Selbstbestimmt Leben Deutschland e.V.,
88,"GE Weiterentwicklung des 
  Behindertengleichstellungsrechts",SoVD,
88,"GE Weiterentwicklung des 
  Behindertengleichstellungsrechts",VdK,
88,"GE Weiterentwicklung des 
  Behindertengleichstellungsrechts",BDA,
88,"GE Weiterentwicklung des 
  Behindertengleichstellungsrechts",BeB,
88,"GE Weiterentwicklung des 
  Behindertengleichstellungsrechts",Netzwerk People First Deutschland e.V.,
88,"GE Weiterentwicklung des 
  Behindertengleichstellungsrechts",Deutscher Verein für öffentliche und private Fürsorge e.V.,
88,"GE Weiterentwicklung des 
  Behindertengleichstellungsrechts",BAG FW - Bundesarbeitsgemeinschaft der Freien Wohlfahrtspflege e.V.,
88,"GE Weiterentwicklung des 
  Behindertengleichstellungsrechts",GKV-Spitzenverband,
88,"GE Weiterentwicklung des 
  Behindertengleichstellungsrechts",Forum behinderter Juristinnen und Juristen,
88,"GE Weiterentwicklung des 
  Behindertengleichstellungsrechts",kommunale Spitzenverbände,
88,"GE Zahlbarmachung Renten Beschäftigungen 
  in einem Ghetto",Deutsche Rentenversicherung Bund,
88,"GE Zahlbarmachung Renten Beschäftigungen 
  in einem Ghetto",Deutsche Rentenversicherung Knappschaft-Bahn-See,
88,"GE Zahlbarmachung Renten Beschäftigungen 
  in einem Ghetto",Bundesagentur für Arbeit,
88,"GE Zahlbarmachung Renten Beschäftigungen 
  in einem Ghetto",Deutscher Gewerkschaftsbund,
88,"GE Zahlbarmachung Renten Beschäftigungen 
  in einem Ghetto",Bundesverband Information & Beratung NS-Verfolgte e. V.,
88,"GE Zahlbarmachung Renten Beschäftigungen 
  in einem Ghetto",Initiative 27. Januar e. V.,
88,"GE Zahlbarmachung Renten Beschäftigungen 
  in einem Ghetto",Bund Deutscher Sozialrichter e. V.,
88,"GE Zahlbarmachung Renten Beschäftigungen 
  in einem Ghetto",Deutscher Caritasverband e. V.,
88,"GE Zahlbarmachung Renten Beschäftigungen 
  in einem Ghetto",Bundesarbeitsgemeinschaft der Freien Wohlfahrtspflege e. V. (BAGFW),
88,"GE Zahlbarmachung Renten Beschäftigungen 
  in einem Ghetto",Bundesarbeitsgemeinschaft der Senioren-Organisationen e.V. (BAGSO),
88,GE zur Änderung des Arbeitnehmerüberlassungsgesetzes und anderer Gesetze,DGB,
88,GE zur Änderung des Arbeitnehmerüberlassungsgesetzes und anderer Gesetze,IGBCE,
88,GE zur Änderung des Arbeitnehmerüberlassungsgesetzes und anderer Gesetze,"Gewerkschaft Nahrung, Genuss, Gaststätten (NGG)",
88,GE zur Änderung des Arbeitnehmerüberlassungsgesetzes und anderer Gesetze,dBB,
88,GE zur Änderung des Arbeitnehmerüberlassungsgesetzes und anderer Gesetze,KAB,
88,GE zur Änderung des Arbeitnehmerüberlassungsgesetzes und anderer Gesetze,BDA,
88,GE zur Änderung des Arbeitnehmerüberlassungsgesetzes und anderer Gesetze,Vereinigung der komunalen Arbeitgeberverbände (VKA),
88,GE zur Änderung des Arbeitnehmerüberlassungsgesetzes und anderer Gesetze,HDE,
88,GE zur Änderung des Arbeitnehmerüberlassungsgesetzes und anderer Gesetze,Arbeitgebervereinigung Nahrung und Genuss (ANG),
88,GE zur Änderung des Arbeitnehmerüberlassungsgesetzes und anderer Gesetze,Die Chemie Arbeitgeber (BAVC),
88,GE zur Änderung des Arbeitnehmerüberlassungsgesetzes und anderer Gesetze,Bundesverband Direktvertrieb (BDD),
88,GE zur Änderung des Arbeitnehmerüberlassungsgesetzes und anderer Gesetze,Bundesarbeitgeberverband Personaldienstleister (BAP),
88,GE zur Änderung des Arbeitnehmerüberlassungsgesetzes und anderer Gesetze,Interessenverband Deutscher Zeitarbeitsunternehmen(iGZ),
88,GE zur Änderung des Arbeitnehmerüberlassungsgesetzes und anderer Gesetze,Arbeitsagentur,
88,GE zur Änderung des Arbeitnehmerüberlassungsgesetzes und anderer Gesetze,EKD,
88,GE zur Änderung des Arbeitnehmerüberlassungsgesetzes und anderer Gesetze,Kath. Büro,
88,GE zur Änderung des Arbeitnehmerüberlassungsgesetzes und anderer Gesetze,Caritas,
88,GE zur Änderung des Arbeitnehmerüberlassungsgesetzes und anderer Gesetze,Deutscher Anwaltverein (DAV),
88,GE zur Änderung des Arbeitnehmerüberlassungsgesetzes und anderer Gesetze,Bundesverband der Arbeitsrechtler im Unternehmen (BVAU),
88,GE zur Änderung des Arbeitnehmerüberlassungsgesetzes und anderer Gesetze,DRK,
88,GE zur Änderung des Arbeitnehmerüberlassungsgesetzes und anderer Gesetze,BRA,
88,GE zur Änderung des Arbeitnehmerüberlassungsgesetzes und anderer Gesetze,Vereinigung der deutschen Führüngskräfte (ULA),
88,GE zur Änderung des Arbeitnehmerüberlassungsgesetzes und anderer Gesetze,AWO,
88,GE zur Änderung des Arbeitnehmerüberlassungsgesetzes und anderer Gesetze,Paritätischer Wohlfahrtsverband,
88,GE zur Änderung des Bundesversorgungsgesetzes und anderer Vorschriften,Deutscher BundeswehrVerband e. V.,
88,GE zur Änderung des Bundesversorgungsgesetzes und anderer Vorschriften,Bundesverband Impfschaden e.V. (ehemals Schutzverband für Impfgeschädigte e. V.),
88,GE zur Änderung des Bundesversorgungsgesetzes und anderer Vorschriften,Sozialverband Deutschland e. V.,
88,GE zur Ermittlung der Regelbedarfe sowie zur Änderung des Zwölften und des Zweiten Buches Sozialgesetzbuch,Bundesvereinigung Lebenshilfe e.V.,
88,GE zur Ermittlung der Regelbedarfe sowie zur Änderung des Zwölften und des Zweiten Buches Sozialgesetzbuch,AWO e.V.,
88,GE zur Ermittlung der Regelbedarfe sowie zur Änderung des Zwölften und des Zweiten Buches Sozialgesetzbuch,Caritas e.V.,
88,GE zur Ermittlung der Regelbedarfe sowie zur Änderung des Zwölften und des Zweiten Buches Sozialgesetzbuch,Deutscher Kinderschutzbund e.V.,
88,GE zur Ermittlung der Regelbedarfe sowie zur Änderung des Zwölften und des Zweiten Buches Sozialgesetzbuch,Verband alleinerziehender Mütter und Väter e.V.,
88,GE zur Ermittlung der Regelbedarfe sowie zur Änderung des Zwölften und des Zweiten Buches Sozialgesetzbuch,Zukunftsforum Familie e.V.,
88,Gesetz zur Regelung von Ansprüchen ausländischer Personen in der Grundsicherung für Arbeitsuchende nach dem Zweiten Buch Sozialgesetzbuch und in der Sozialhilfe nach dem Zwölften Buch Sozialgesetzbuch,BA Zentrale,
88,Gesetz zur Regelung von Ansprüchen ausländischer Personen in der Grundsicherung für Arbeitsuchende nach dem Zweiten Buch Sozialgesetzbuch und in der Sozialhilfe nach dem Zwölften Buch Sozialgesetzbuch,BDA,
88,Gesetz zur Regelung von Ansprüchen ausländischer Personen in der Grundsicherung für Arbeitsuchende nach dem Zweiten Buch Sozialgesetzbuch und in der Sozialhilfe nach dem Zwölften Buch Sozialgesetzbuch,DRB,
88,Gesetz zur Regelung von Ansprüchen ausländischer Personen in der Grundsicherung für Arbeitsuchende nach dem Zweiten Buch Sozialgesetzbuch und in der Sozialhilfe nach dem Zwölften Buch Sozialgesetzbuch,Dt. Städte und Gemeindebund,
88,Gesetz zur Regelung von Ansprüchen ausländischer Personen in der Grundsicherung für Arbeitsuchende nach dem Zweiten Buch Sozialgesetzbuch und in der Sozialhilfe nach dem Zwölften Buch Sozialgesetzbuch,Landkreistag,
88,Gesetz zur Regelung von Ansprüchen ausländischer Personen in der Grundsicherung für Arbeitsuchende nach dem Zweiten Buch Sozialgesetzbuch und in der Sozialhilfe nach dem Zwölften Buch Sozialgesetzbuch,Städtetag,
88,Gesetzentwurf zur 3. Änderung des Asylbewewrberleistungsgesetzes,"AOK Bundesverband, ASB Knop",
88,Gesetzentwurf zur 3. Änderung des Asylbewewrberleistungsgesetzes,Caritas Berlin,
88,Gesetzentwurf zur 3. Änderung des Asylbewewrberleistungsgesetzes,DAV Dt. Anwaltsverein,
88,Gesetzentwurf zur 3. Änderung des Asylbewewrberleistungsgesetzes,Der Paritätische,
88,Gesetzentwurf zur 3. Änderung des Asylbewewrberleistungsgesetzes,DGB,
88,Gesetzentwurf zur 3. Änderung des Asylbewewrberleistungsgesetzes,Dstgb Dt. Städte- und Gemeindebund,
88,Gesetzentwurf zur 3. Änderung des Asylbewewrberleistungsgesetzes,Dt. Verein für öffentliche und private Fürsorge,
88,Gesetzentwurf zur 3. Änderung des Asylbewewrberleistungsgesetzes,Kommissariat Deutscher Bischöfe,
88,Gesetzentwurf zur 3. Änderung des Asylbewewrberleistungsgesetzes,Landkreistag,
88,Gesetzentwurf zur 3. Änderung des Asylbewewrberleistungsgesetzes,UNHCR,
88,Gesetzentwurf zur 3. Änderung des Asylbewewrberleistungsgesetzes,DRK,
88,Gesetzentwurf zur 3. Änderung des Asylbewewrberleistungsgesetzes,JRS,
88,Gesetzentwurf zur 3. Änderung des Asylbewewrberleistungsgesetzes,BAGfW,
88,Gesetzentwurf zur 3. Änderung des Asylbewewrberleistungsgesetzes,Normenkontrollrat,
88,Entwurf eines Gesetzes zur Stärkung der Tarifautonomie (Tarifautonomiestärkungsgesetz),Bundesvereinigung der Deutschen Arbeitgeberverbände,
88,Entwurf eines Gesetzes zur Stärkung der Tarifautonomie (Tarifautonomiestärkungsgesetz),Arbeitgeber- und Wirtschaftsverband MoVe,
88,Entwurf eines Gesetzes zur Stärkung der Tarifautonomie (Tarifautonomiestärkungsgesetz),Arbeitgebervereinigung Nahrung und Genuss,
88,Entwurf eines Gesetzes zur Stärkung der Tarifautonomie (Tarifautonomiestärkungsgesetz),Bundesverband der Kurier-Express-Post-Dienste,
88,Entwurf eines Gesetzes zur Stärkung der Tarifautonomie (Tarifautonomiestärkungsgesetz),Bundesverband der Systemgastronomie,
88,Entwurf eines Gesetzes zur Stärkung der Tarifautonomie (Tarifautonomiestärkungsgesetz),Bundesverband Deutscher Anzeigenblätter,
88,Entwurf eines Gesetzes zur Stärkung der Tarifautonomie (Tarifautonomiestärkungsgesetz),Deutscher Dialogmarketing Verband,
88,Entwurf eines Gesetzes zur Stärkung der Tarifautonomie (Tarifautonomiestärkungsgesetz),Der Mittelstandsverbund - ZGV,
88,Entwurf eines Gesetzes zur Stärkung der Tarifautonomie (Tarifautonomiestärkungsgesetz),Deutscher Hotel- und Gaststättenverband,
88,Entwurf eines Gesetzes zur Stärkung der Tarifautonomie (Tarifautonomiestärkungsgesetz),Gesamtverband der Deutschen land- und forstwirtschaftlichen Arbeitgeberverbände,
88,Entwurf eines Gesetzes zur Stärkung der Tarifautonomie (Tarifautonomiestärkungsgesetz),Handelsverband Deutschland,
88,Entwurf eines Gesetzes zur Stärkung der Tarifautonomie (Tarifautonomiestärkungsgesetz),Zentralverband des Deutschen Bäckerhandwerks,
88,Entwurf eines Gesetzes zur Stärkung der Tarifautonomie (Tarifautonomiestärkungsgesetz),Zentralverband Gartenbau,
88,Entwurf eines Gesetzes zur Stärkung der Tarifautonomie (Tarifautonomiestärkungsgesetz),Hauptverband Papier- und Kunststoffverarbeitung,
88,Entwurf eines Gesetzes zur Stärkung der Tarifautonomie (Tarifautonomiestärkungsgesetz),Bundesverband Farbe Gestaltung Bautenschutz,
88,Entwurf eines Gesetzes zur Stärkung der Tarifautonomie (Tarifautonomiestärkungsgesetz),Verband Deutscher Reeder,
88,Entwurf eines Gesetzes zur Stärkung der Tarifautonomie (Tarifautonomiestärkungsgesetz),"Bundesverband Großhandel, Außenhandel, Dienstleistungen",
88,Entwurf eines Gesetzes zur Stärkung der Tarifautonomie (Tarifautonomiestärkungsgesetz),Zentralverband des Deutschen Baugewerbes,
88,Entwurf eines Gesetzes zur Stärkung der Tarifautonomie (Tarifautonomiestärkungsgesetz),Hauptverband der Deutschen Bauindustrie,
88,Entwurf eines Gesetzes zur Stärkung der Tarifautonomie (Tarifautonomiestärkungsgesetz),Vereinigung der kommunalen Arbeitgeberverbände,
88,Entwurf eines Gesetzes zur Stärkung der Tarifautonomie (Tarifautonomiestärkungsgesetz),Zentralverband des Deutschen Handwerks,
88,Entwurf eines Gesetzes zur Stärkung der Tarifautonomie (Tarifautonomiestärkungsgesetz),Deutscher Industrie- und Handelskammertag,
88,Entwurf eines Gesetzes zur Stärkung der Tarifautonomie (Tarifautonomiestärkungsgesetz),Deutscher Gewerkschaftsbund,
88,Entwurf eines Gesetzes zur Stärkung der Tarifautonomie (Tarifautonomiestärkungsgesetz),Gewerkschaft Erziehung und Wissenschaft,
88,Entwurf eines Gesetzes zur Stärkung der Tarifautonomie (Tarifautonomiestärkungsgesetz),Christlicher Gewerkschaftsbund Deutschlands,
88,Entwurf eines Gesetzes zur Stärkung der Tarifautonomie (Tarifautonomiestärkungsgesetz),Deutscher Anwaltverein,
88,Entwurf eines Gesetzes zur Stärkung der Tarifautonomie (Tarifautonomiestärkungsgesetz),Statistisches Bundesamt,
88,Entwurf eines Gesetzes zur Stärkung der Tarifautonomie (Tarifautonomiestärkungsgesetz),Bundesverband Volkssolidarität,
88,Entwurf eines Gesetzes zur Stärkung der Tarifautonomie (Tarifautonomiestärkungsgesetz),Deutscher Caritasverband,
88,Entwurf eines Gesetzes zur Stärkung der Tarifautonomie (Tarifautonomiestärkungsgesetz),Diakonie Deutschland - Evangelischer Bundesverband,
88,Entwurf eines Gesetzes zur Stärkung der Tarifautonomie (Tarifautonomiestärkungsgesetz),Deutscher Paritätischer Wohlfahrtsverband - Gesamtverband,
88,Entwurf eines Gesetzes zur Stärkung der Tarifautonomie (Tarifautonomiestärkungsgesetz),AWO Bundesverband,
88,Entwurf eines Gesetzes zur Stärkung der Tarifautonomie (Tarifautonomiestärkungsgesetz),Deutscher Städtetag,
88,Entwurf eines Gesetzes zur Stärkung der Tarifautonomie (Tarifautonomiestärkungsgesetz),Rat der EKD bei der Bundesrepublik Deutschland und der Europäischen Union,
88,Entwurf eines Gesetzes zur Stärkung der Tarifautonomie (Tarifautonomiestärkungsgesetz),Kommissariat der Deutschen Bischöfe,
88,Entwurf eines Gesetzes zur Stärkung der Tarifautonomie (Tarifautonomiestärkungsgesetz),Deutscher Frauenrat,
88,Entwurf eines Gesetzes zur Stärkung der Tarifautonomie (Tarifautonomiestärkungsgesetz),Bundesarbeitsgemeinschaft der Mitarbeitervertretungen im Bereich der Deutschen Bischofskonferenz,
88,Entwurf eines Gesetzes zur Stärkung der Tarifautonomie (Tarifautonomiestärkungsgesetz),EFAS - Evangelischer Fachverband für Arbeit und soziale Integration,
89,25. Gesetz zur Änderung des Bundesausbildungsförderungsgesetzes (25. BAföGÄndG),Beirat für Ausbildungsförderung,
89,Gesetz zur Änderung des Hochschulstatistikgesetzes,Deutscher Akademischer Austauschdienst,
89,Gesetz zur Änderung des Hochschulstatistikgesetzes,Ständige Konferenz der Kultusminister der Länder,